{"noiseKey":{"private":{"type":"Buffer","data":"KLPAZsDvPoH/p0UBJRsguklO7DLyTmLUfXA+22ctXGc="},"public":{"type":"Buffer","data":"zJvuCyiVdHLWCQSIAhSOFLOicZivNg8tWmDaPztqpH4="}},"pairingEphemeralKeyPair":{"private":{"type":"Buffer","data":"oIAiMvJHgknhNKB/LuXyt8Hfuy+uohl/oyNM4qv2slQ="},"public":{"type":"Buffer","data":"tPdMsiAml8WfUF44x5i8GoT0ieT46lVNWd60zfz3HAU="}},"signedIdentityKey":{"private":{"type":"Buffer","data":"2Cw60E3TWjDoxLUWMEDwQ7DIamEPKRwRsxoxLZyxF2g="},"public":{"type":"Buffer","data":"Qnte6JnsA3vB17G19SDF/oVNYMuWh2F9HHjtk1sNCAI="}},"signedPreKey":{"keyPair":{"private":{"type":"Buffer","data":"6CkEUkdkRUfI4aWOvAaAZh+R0n3pLNmo1m4/yQDpFEY="},"public":{"type":"Buffer","data":"QHOpfptawuI1gc0Os+zTx+hbVFk+/efr4HXYjL8HbXA="}},"signature":{"type":"Buffer","data":"IEpcEldoKW5NpHGaxXl1UUI06SHIGqI+MedhBiWgxj+LeM/Ss2GRYIl4kGfgsILr9uYTRD72j750/eLgsBHtAA=="},"keyId":1},"registrationId":210,"advSecretKey":"7Q6SWRNRapajo8j4tGB7HR5GowOlztBKeEa/l6xCdDo=","processedHistoryMessages":[{"key":{"remoteJid":"256788028745@s.whatsapp.net","fromMe":true,"id":"C7A61A1A8C81866F4C28BC276B4ABDCE"},"messageTimestamp":1721571988}],"nextPreKeyId":31,"firstUnuploadedPreKeyId":31,"accountSyncCounter":1,"accountSettings":{"unarchiveChats":false},"deviceId":"oEeKG_WeQKq2bBHIKQSu2w","phoneId":"8565c57a-5397-4adb-a373-b5eeec7aa378","identityId":{"type":"Buffer","data":"Dp3VP78OMMpNNluPmYtfuComl80="},"registered":true,"backupToken":{"type":"Buffer","data":"CONh2WpY1dpHzyGKYpWZlgAoKlE="},"registration":{},"pairingCode":"RNDSDHXW","me":{"id":"256788028745:14@s.whatsapp.net"},"account":{"details":"CI+ynz4Qg7X0tAYYASAAKAA=","accountSignatureKey":"Yt/m1y9Dg3MxRX60qTcdhWRznJ9Rkq3h6Wfhc2F0viQ=","accountSignature":"LI8KMLprTTmlwXFOlPu15G0j6b/gWPTlyr3MI3PzkdMtntLYY0Nz87vbb83RyYepR34EPwlp2DyjPFZIX30oCQ==","deviceSignature":"1oWO6AcRrC+1K/Glfg+ZEEsmWvZ1mZdKSO5GXfYXWyX0G2Bm/SWS/Pjx4lKdl2bTwDjElvQ48JmNGRoQKm49Cw=="},"signalIdentities":[{"identifier":{"name":"256788028745:14@s.whatsapp.net","deviceId":0},"identifierKey":{"type":"Buffer","data":"BWLf5tcvQ4NzMUV+tKk3HYVkc5yfUZKt4eln4XNhdL4k"}}],"platform":"android","lastAccountSyncTimestamp":1721571984,"myAppStateKeyId":"AAAAALug"}